Age,Income,Previous_Purchases,Purchase,North,South,West
56,25287,7,1,False,False,True
46,54387,15,1,False,False,True
32,28512,9,0,False,False,True
60,21342,3,0,True,False,False
25,83076,17,1,True,False,False
38,39216,1,1,False,False,True
56,99767,16,1,False,True,False
36,46614,12,1,False,False,False
40,56258,3,1,False,False,False
28,62078,10,1,True,False,False
28,32219,6,1,False,False,False
41,20235,11,1,False,True,False
53,62929,9,1,False,False,False
57,87444,6,1,True,False,False
41,28567,12,0,True,False,False
20,90792,6,1,False,True,False
39,85441,16,1,False,True,False
19,93698,9,1,False,False,False
41,25415,9,1,False,False,False
61,56159,3,1,True,False,False
47,63925,19,1,False,True,False
55,25951,3,0,False,True,False
19,28007,6,1,False,True,False
38,61832,0,0,False,False,False
50,78596,11,1,False,True,False
29,50523,12,1,True,False,False
39,35524,9,1,True,False,False
61,39282,14,1,False,False,False
42,43930,12,1,False,False,True
44,20077,8,1,False,False,False
59,40611,8,1,False,False,True
45,36984,14,1,False,True,False
33,34060,9,0,False,False,False
32,63303,9,1,True,False,False
64,79207,7,1,False,True,False
61,95046,15,1,True,False,False
20,49287,16,1,False,True,False
54,59711,4,1,False,False,False
24,31954,3,1,False,False,True
38,93340,17,1,False,True,False
26,92101,18,1,False,False,True
56,91520,3,1,False,True,False
35,38574,6,0,True,False,False
21,29184,9,1,True,False,False
42,39096,17,1,False,True,False
31,87728,18,1,False,False,True
26,54016,3,0,False,False,False
43,31246,9,1,False,False,False
19,65558,0,1,True,False,False
37,38381,17,1,False,False,False
45,56455,4,1,True,False,False
64,24018,14,1,False,False,False
24,31302,16,1,False,True,False
61,87506,2,1,True,False,False
25,61157,11,1,True,False,False
64,74917,1,1,False,True,False
52,44519,0,0,True,False,False
31,76819,16,1,False,False,False
34,91324,15,1,False,False,False
53,25408,4,1,True,False,False
57,79379,14,1,False,False,False
21,45053,2,1,False,False,True
19,29446,6,0,True,False,False
23,20922,10,1,False,True,False
59,71356,9,1,False,False,True
21,30789,8,1,True,False,False
46,86656,13,1,False,True,False
35,64028,12,0,False,False,False
43,84484,1,1,False,True,False
61,52154,2,1,False,False,True
51,22336,6,1,False,False,False
27,87779,17,1,True,False,False
53,39029,2,1,False,False,False
31,79201,9,1,True,False,False
48,52265,6,0,True,False,False
32,63872,8,1,False,True,False
25,66197,16,1,False,True,False
31,75180,10,1,False,True,False
40,43710,6,0,False,False,True
57,49486,13,1,False,False,True
38,91907,18,1,False,True,False
33,91895,3,1,False,False,True
62,84435,5,1,False,False,False
35,60631,9,1,False,False,False
64,40103,6,1,False,False,True
41,84772,12,1,False,False,True
43,34382,13,0,False,False,False
42,23756,3,0,True,False,False
62,40609,7,0,False,False,False
58,36478,4,1,False,False,False
46,59666,0,1,False,False,True
32,95683,3,1,False,False,False
62,91315,2,1,False,False,True
18,97834,8,1,False,False,True
42,34153,7,1,False,True,False
24,96325,0,1,False,False,False
26,32999,5,1,True,False,False
41,75318,8,1,False,True,False
18,20814,6,0,False,False,True
61,96077,3,1,False,False,True
25,22443,12,1,True,False,False
41,95993,16,1,False,False,True
28,95916,1,1,False,False,False
34,93319,4,1,False,True,False
25,37368,11,1,False,False,True
52,35328,7,1,False,False,True
52,76942,5,1,True,False,False
50,47306,7,1,False,False,False
22,59915,17,1,False,False,True
59,57219,2,1,True,False,False
56,84644,11,1,False,False,True
58,80279,2,1,True,False,False
45,73028,5,1,True,False,False
24,20126,1,1,False,False,False
26,72329,11,1,False,False,True
25,47632,1,0,False,False,False
29,85310,5,1,True,False,False
51,75176,16,1,False,True,False
50,64327,2,1,False,False,True
40,88904,1,1,False,True,False
41,23797,19,1,False,False,True
54,67882,7,1,False,False,False
52,33718,11,1,False,False,False
61,54560,3,1,False,False,False
57,96589,4,1,False,False,False
39,42116,12,1,False,False,False
44,56244,14,1,False,True,False
52,21645,15,1,False,False,False
18,67523,9,1,True,False,False
52,39256,15,0,True,False,False
54,73173,11,1,False,True,False
64,57430,16,1,False,False,True
31,59282,15,1,True,False,False
20,83374,11,1,False,False,True
18,88244,7,1,False,True,False
22,31694,19,1,False,False,True
43,76264,2,1,False,False,True
31,95060,15,1,False,False,True
56,77545,12,1,False,False,True
44,59224,18,1,False,True,False
26,33224,7,0,True,False,False
32,60738,4,1,False,False,False
32,45150,19,1,False,False,True
43,83731,7,1,True,False,False
59,69688,11,1,True,False,False
30,93509,0,1,False,True,False
49,28577,19,0,True,False,False
56,28070,5,1,False,True,False
49,28666,17,1,False,False,True
21,77761,7,1,False,False,True
47,56368,6,1,False,False,False
54,26783,0,1,False,False,False
40,61914,15,1,False,False,False
56,90507,11,1,True,False,False
62,99026,5,1,False,False,True
32,87526,19,1,False,True,False
60,90835,1,1,False,False,False
46,65765,13,1,False,True,False
53,39956,3,1,False,True,False
30,66240,0,1,False,False,False
49,57148,17,1,False,False,True
24,24757,12,1,False,False,False
39,39097,1,0,False,True,False
45,30395,8,1,False,False,False
19,36241,1,0,False,True,False
59,47696,8,1,False,True,False
62,90480,0,1,False,False,False
23,66163,10,1,True,False,False
45,39816,2,1,False,False,False
45,69840,19,1,True,False,False
61,72853,3,1,False,True,False
61,44917,17,1,False,True,False
37,41566,5,1,True,False,False
47,95452,2,1,False,True,False
28,82823,10,1,True,False,False
45,40806,14,1,True,False,False
42,95520,4,1,False,True,False
56,21759,19,1,False,False,True
50,61949,9,1,True,False,False
18,22482,11,1,False,False,False
44,44442,14,1,False,False,False
30,53719,16,1,False,True,False
58,78066,9,1,False,False,True
20,22079,5,0,False,True,False
56,22717,17,1,False,False,True
23,79676,12,1,True,False,False
25,47952,2,1,True,False,False
44,62460,9,1,True,False,False
26,92847,13,1,True,False,False
54,38449,5,1,False,False,False
50,53536,2,1,False,False,False
59,84077,15,1,False,True,False
61,58258,6,1,False,False,True
41,68302,19,1,True,False,False
32,48865,13,1,True,False,False
49,26645,8,1,False,False,True
49,58000,14,1,False,False,True
41,46737,2,1,False,True,False
58,31485,1,0,False,False,True
29,58565,1,1,True,False,False
56,45522,2,1,True,False,False
19,85155,17,1,True,False,False
20,75168,13,0,True,False,False
54,72487,19,1,True,False,False
34,32342,17,1,False,True,False
19,60806,9,1,True,False,False
19,68770,1,1,False,True,False
45,98623,0,1,True,False,False
40,95629,3,1,False,False,False
54,72603,13,1,False,False,False
49,46399,0,1,False,False,False
50,96534,13,1,False,False,False
18,75106,15,1,False,True,False
36,50678,13,1,False,True,False
19,96218,19,1,False,False,True
61,83230,2,1,True,False,False
43,94055,2,1,False,False,False
49,76373,8,1,False,True,False
23,51480,5,1,True,False,False
49,88836,12,1,True,False,False
21,92258,1,1,False,True,False
28,59986,7,1,False,False,False
34,44160,1,1,False,False,True
55,99111,3,1,True,False,False
41,84929,14,1,False,False,True
22,93506,3,1,False,False,False
51,54911,12,1,False,False,False
23,51821,11,1,False,False,True
39,95039,12,1,False,False,False
28,80535,13,1,True,False,False
33,32175,19,1,False,False,True
50,74771,17,1,False,False,False
26,86358,5,1,False,False,True
23,37327,10,1,True,False,False
33,67057,1,1,False,False,False
46,26150,18,1,True,False,False
20,24425,18,0,False,False,False
37,36032,4,0,False,True,False
53,22198,18,1,False,False,False
36,80500,1,1,False,False,True
43,73394,9,1,False,False,False
20,40079,1,0,True,False,False
36,56220,10,1,True,False,False
37,61874,17,1,False,False,False
49,33859,14,1,False,False,True
24,70460,8,1,False,True,False
58,51419,18,1,False,False,True
50,28705,8,1,False,True,False
57,62880,2,1,True,False,False
56,43236,8,1,False,False,True
35,35358,13,1,False,True,False
57,96918,18,1,False,False,False
18,34596,6,0,True,False,False
28,53572,15,1,False,False,False
45,98757,15,1,True,False,False
42,21279,0,0,False,False,True
40,83197,3,1,False,False,True
48,82516,3,0,True,False,False
47,27083,6,1,True,False,False
59,37771,7,1,True,False,False
52,49975,16,1,False,False,True
24,65648,4,1,False,True,False
33,68285,6,1,False,False,False
43,39063,19,1,False,False,False
19,87642,19,1,False,False,True
18,57599,3,1,False,False,False
29,71920,5,1,True,False,False
22,48529,6,1,False,True,False
54,55954,17,1,False,False,False
49,47856,4,1,False,True,False
26,22573,19,1,True,False,False
58,98344,2,1,False,False,False
52,55367,6,1,False,False,True
36,80774,13,1,False,True,False
33,43752,6,1,True,False,False
20,75029,4,1,False,True,False
37,37685,4,0,False,False,False
41,71693,1,1,False,False,False
50,75961,5,1,False,False,True
41,96908,14,1,True,False,False
28,94532,9,1,True,False,False
25,76133,6,1,False,False,True
53,81268,4,1,False,False,True
55,58243,0,1,True,False,False
57,77384,12,1,False,True,False
37,51653,17,1,False,True,False
52,46657,12,1,False,False,True
42,59952,17,1,False,True,False
52,42180,4,1,True,False,False
42,98411,12,1,False,False,False
46,21622,3,0,False,False,False
35,68756,16,1,False,True,False
63,60809,2,1,False,False,True
35,36725,16,0,False,False,True
19,81396,10,1,False,False,True
52,71226,19,1,False,False,True
33,49402,3,1,False,False,True
58,24263,1,0,False,True,False
53,66828,19,1,False,False,False
50,67924,15,1,False,False,False
21,94182,17,1,False,True,False
50,79052,7,1,False,False,True
31,31664,2,0,False,True,False
38,55737,8,1,False,False,False
37,49373,19,1,True,False,False
25,56397,5,1,False,True,False
24,58709,9,1,False,False,True
20,81120,9,1,False,False,False
34,39250,12,1,False,False,False
50,41172,16,1,False,False,False
29,31555,8,1,False,False,False
39,98617,16,1,False,False,True
39,73276,8,1,True,False,False
63,77492,8,1,False,False,False
47,73002,0,1,False,True,False
55,92355,1,1,True,False,False
55,44762,15,1,False,False,False
62,31046,0,0,True,False,False
25,48769,9,1,False,True,False
44,73302,17,1,False,False,False
44,43150,7,1,False,True,False
51,88247,10,1,False,False,True
38,24853,1,1,False,False,False
47,41792,7,1,False,False,False
50,79129,7,1,False,False,False
45,94478,16,1,False,False,False
64,87298,14,1,False,False,True
50,51987,16,1,False,False,False
22,35850,12,1,True,False,False
36,32112,18,1,False,False,False
21,44058,4,1,False,False,True
52,65420,11,1,False,False,False
34,58890,0,1,True,False,False
61,86017,4,1,False,False,True
45,67304,7,1,False,False,True
47,52921,12,1,True,False,False
46,21524,7,1,True,False,False
63,35048,10,1,True,False,False
23,55111,0,0,True,False,False
52,57904,12,1,True,False,False
58,74912,18,1,False,False,True
54,54008,2,1,False,False,True
41,20060,16,1,False,False,False
46,94666,4,1,False,False,False
63,75337,19,1,False,True,False
48,33350,7,1,False,False,False
52,44354,13,1,False,False,False
50,65186,3,1,True,False,False
38,48145,10,1,True,False,False
49,54020,19,1,False,False,False
40,95186,14,1,False,True,False
50,40581,18,1,True,False,False
20,43051,6,0,False,False,False
35,71474,18,1,False,False,False
42,89626,18,1,False,False,True
59,26960,10,1,False,True,False
48,55772,4,1,False,False,True
20,41520,4,0,False,True,False
57,69481,7,1,True,False,False
63,56408,9,1,False,True,False
41,77134,5,1,False,False,False
49,40491,14,1,False,False,False
64,21341,15,1,False,True,False
39,64623,16,1,False,True,False
40,20338,7,0,False,True,False
19,91431,7,1,False,False,True
44,32254,8,0,False,True,False
59,71860,1,1,True,False,False
19,31344,14,1,False,False,True
43,21750,17,1,False,False,True
34,74756,2,1,False,True,False
57,87957,16,1,True,False,False
50,78053,3,1,False,False,True
26,90855,3,1,False,False,False
60,35896,13,1,False,False,True
56,75761,8,1,False,True,False
46,82552,8,1,True,False,False
59,97454,17,1,False,True,False
43,47935,9,1,False,False,False
52,57641,3,1,False,False,False
42,49711,11,1,False,False,False
41,90342,7,1,False,True,False
30,32182,1,1,False,False,True
24,76276,12,1,False,True,False
53,39541,15,1,True,False,False
62,64813,1,1,False,False,True
37,57198,10,1,False,False,False
18,28820,9,1,False,True,False
25,44070,14,1,False,False,False
63,89768,16,1,False,False,False
33,31122,7,1,True,False,False
31,93543,17,1,False,False,True
29,61786,8,1,True,False,False
40,26737,7,1,True,False,False
32,56062,13,1,True,False,False
45,74237,17,1,False,False,False
51,71571,19,1,True,False,False
19,45510,19,1,True,False,False
49,39426,11,0,False,False,True
40,57265,18,1,False,False,True
39,37850,13,1,True,False,False
42,86150,16,1,False,False,True
39,94910,2,1,False,False,True
39,72375,6,1,True,False,False
59,55435,16,1,False,False,False
23,77132,11,1,True,False,False
32,98945,8,1,False,False,True
60,22983,14,1,False,False,False
54,40662,17,1,False,True,False
50,43510,12,1,False,False,False
25,98187,7,1,False,False,True
61,60998,13,1,False,False,False
61,76846,7,1,True,False,False
22,26640,13,1,False,True,False
56,64547,6,1,False,True,False
21,74620,11,1,False,True,False
23,35317,10,1,False,False,True
62,27564,10,1,False,False,True
49,47345,12,1,False,True,False
47,99273,17,1,False,False,False
64,94859,1,1,False,True,False
52,94038,14,1,False,False,False
57,72393,19,1,False,False,False
33,86081,17,1,False,False,True
30,49430,14,1,False,False,False
59,95532,18,1,False,True,False
47,47788,11,1,False,False,True
36,68543,12,1,True,False,False
34,33919,10,1,True,False,False
36,89346,4,1,False,False,True
45,59974,0,1,False,True,False
43,36371,2,1,True,False,False
54,65084,18,1,True,False,False
43,49629,6,1,False,False,False
40,71184,11,1,False,False,False
26,81916,14,1,False,True,False
29,93972,4,1,False,False,True
18,82187,14,1,False,True,False
18,32984,7,1,False,False,True
64,53039,9,1,True,False,False
51,78606,15,1,False,False,False
49,30616,7,1,False,True,False
42,70072,0,1,False,True,False
57,44574,11,1,False,False,True
62,23430,4,0,False,False,True
18,32676,2,1,False,True,False
33,30816,0,1,False,False,True
56,52733,3,1,False,True,False
22,22050,7,0,False,True,False
39,53933,2,0,False,True,False
46,44951,9,1,True,False,False
20,52413,1,1,False,False,True
29,54801,10,1,False,False,False
43,75619,9,1,False,False,False
33,52913,13,1,False,False,True
54,60600,6,0,False,True,False
39,77775,1,1,False,False,False
46,55400,8,1,False,False,False
31,24494,15,1,False,False,True
45,94691,12,1,False,False,False
22,63001,8,1,False,True,False
64,87364,19,1,False,False,True
47,65028,3,0,False,True,False
63,57573,9,1,False,False,False
22,20806,11,1,False,False,False
29,76638,16,1,False,True,False
33,49757,13,1,True,False,False
43,54636,13,1,False,False,False
43,68280,1,1,True,False,False
38,44262,19,1,False,False,False
56,82211,10,1,True,False,False
53,74842,15,1,True,False,False
50,76979,18,1,True,False,False
47,58197,5,1,False,True,False
54,61844,18,1,True,False,False
40,84754,4,1,True,False,False
27,54157,3,1,True,False,False
22,97129,14,1,False,False,False
53,60042,3,1,True,False,False
51,81665,19,1,False,False,False
48,47376,9,1,True,False,False
27,75554,2,1,True,False,False
36,34199,4,1,False,True,False
49,70948,5,1,False,False,False
18,93781,7,1,True,False,False
22,92750,6,1,False,False,False
62,86262,9,1,False,False,False
21,66600,5,1,False,False,True
33,96898,13,1,False,True,False
41,82483,3,1,False,True,False
33,38297,12,1,False,True,False
19,50448,19,1,False,False,True
45,46172,16,1,False,False,True
49,62874,6,1,False,True,False
44,27657,3,1,False,False,True
37,45425,13,1,False,False,True
41,46685,2,1,False,False,True
29,44578,4,0,False,True,False
52,48831,15,1,False,True,False
50,27906,19,1,False,True,False
50,81413,3,1,False,False,True
60,74028,1,1,False,True,False
54,27287,17,1,False,False,True
29,53660,18,1,True,False,False
20,95758,18,1,False,False,True
18,80504,16,1,False,False,False
50,79720,13,1,False,True,False
57,54701,18,1,False,True,False
27,37674,12,1,False,False,False
60,43874,11,1,False,False,True
61,63642,5,1,True,False,False
46,85160,3,1,False,False,False
30,37602,18,1,False,False,False
29,45931,15,1,False,False,True
48,49192,12,1,False,True,False
63,66542,3,1,False,False,True
19,62520,16,1,False,False,False
52,84772,0,1,False,False,False
40,78762,17,1,False,True,False
34,70106,19,1,False,True,False
43,45559,16,1,False,True,False
25,53742,14,1,False,False,True
46,89669,10,1,False,True,False
43,41754,12,1,False,False,False
27,23972,0,0,False,False,False
43,90831,16,1,True,False,False
51,61873,5,1,False,False,True
58,29903,3,1,True,False,False
24,23020,19,1,False,False,False
21,61755,15,1,True,False,False
62,65648,14,1,False,False,False
28,29516,14,1,True,False,False
46,22396,5,1,False,True,False
53,39129,14,1,True,False,False
42,21591,13,1,False,True,False
38,31303,10,0,False,True,False
53,50561,6,1,False,False,True
27,91719,8,1,False,True,False
54,27314,15,1,False,True,False
26,39623,4,1,True,False,False
41,87675,19,1,False,False,False
52,85082,9,1,False,False,True
52,53130,17,1,False,True,False
53,71756,2,1,False,False,True
35,46292,12,1,True,False,False
56,89274,10,1,False,True,False
49,22469,16,0,True,False,False
41,73947,12,1,False,False,True
40,42534,5,1,True,False,False
49,83620,16,1,False,False,True
54,68874,12,1,True,False,False
29,69708,18,1,False,False,True
30,94553,18,1,False,False,False
40,88344,9,1,True,False,False
42,69138,2,1,True,False,False
52,74302,13,1,False,False,False
58,67638,18,0,False,False,False
47,98249,4,1,True,False,False
34,22719,4,0,False,False,False
37,42890,19,1,False,True,False
42,97236,16,1,False,False,True
39,56509,9,1,False,False,True
30,62534,4,1,False,False,True
36,38787,3,0,False,True,False
53,68845,5,1,False,False,False
29,77932,3,1,False,False,False
58,53062,6,1,True,False,False
36,95713,6,1,False,False,False
29,80461,17,0,True,False,False
26,95418,2,1,False,True,False
24,86672,0,1,False,False,True
45,54832,3,1,False,False,True
31,51966,5,1,False,False,True
48,92545,8,1,False,False,False
36,32987,13,1,True,False,False
64,57311,11,1,True,False,False
33,51575,19,1,False,True,False
22,83852,3,1,False,False,False
52,21007,11,1,False,True,False
29,90981,9,1,True,False,False
42,96242,6,1,True,False,False
38,67517,2,1,False,False,True
53,49257,13,1,False,False,False
40,62207,9,1,True,False,False
33,33281,15,1,False,False,True
56,81246,15,1,False,False,False
62,21435,9,1,False,True,False
59,46660,12,1,False,False,False
56,25084,5,1,False,False,False
31,33507,11,0,True,False,False
48,92595,8,1,True,False,False
22,65539,12,1,False,False,False
52,27491,3,0,True,False,False
40,70192,10,1,True,False,False
46,83888,19,1,True,False,False
60,93609,17,1,False,False,True
28,29077,10,1,False,False,True
35,40953,3,1,False,False,False
64,96919,17,1,True,False,False
29,87889,0,1,False,False,True
26,43821,6,0,False,False,False
27,57567,5,1,True,False,False
61,44860,14,1,False,True,False
34,41195,17,1,True,False,False
55,97475,10,0,True,False,False
24,41427,19,0,False,False,True
63,47083,14,1,False,False,False
30,77372,15,1,False,False,False
57,64064,6,1,False,False,True
59,27813,9,1,True,False,False
26,51598,11,1,False,True,False
44,47082,13,1,True,False,False
19,49241,4,1,True,False,False
22,64569,17,1,False,True,False
46,31745,4,1,False,False,True
54,46029,2,0,False,False,False
55,33025,4,1,False,False,True
36,34288,16,1,False,False,True
25,26540,18,1,True,False,False
62,88878,18,1,False,False,False
18,61846,11,1,False,False,False
39,95932,8,1,False,False,True
34,37482,0,1,False,True,False
24,43411,17,1,False,False,True
42,70975,3,1,False,True,False
62,80545,9,1,False,False,False
21,98797,6,1,False,False,True
53,72307,0,1,True,False,False
23,23093,16,1,False,False,True
48,97258,1,1,False,False,False
36,42042,10,1,True,False,False
61,72930,8,1,True,False,False
56,64413,6,1,False,True,False
44,53756,16,1,True,False,False
27,73268,16,1,True,False,False
43,59214,1,1,False,False,True
36,48602,5,1,False,False,False
56,73331,13,1,False,True,False
20,68901,5,1,False,False,True
62,83416,1,1,True,False,False
30,52196,0,1,True,False,False
45,25626,9,1,False,True,False
37,27424,4,1,False,False,False
45,32857,1,1,False,True,False
25,39982,15,0,False,False,True
58,96961,1,1,False,True,False
56,21980,9,1,True,False,False
18,68290,1,1,False,False,True
20,46431,15,1,True,False,False
30,46385,15,1,False,False,False
45,58158,18,1,True,False,False
42,43019,6,1,True,False,False
50,38639,11,1,False,True,False
55,41563,14,1,True,False,False
23,59341,7,1,False,False,True
61,25776,5,1,False,False,True
62,56444,9,1,False,False,False
49,88916,2,1,False,False,True
62,28711,18,1,False,True,False
64,94318,16,1,False,False,False
38,50707,6,1,False,False,True
33,59110,19,1,False,True,False
38,81788,3,1,False,False,True
28,58827,13,0,False,False,True
54,25655,19,1,True,False,False
53,64859,14,1,False,False,True
52,73625,7,1,False,False,True
36,72098,14,1,False,True,False
37,35251,19,1,False,True,False
35,20526,13,0,True,False,False
64,88760,8,1,False,False,True
58,67837,7,1,True,False,False
31,31536,16,1,False,False,True
32,48541,1,0,False,False,False
48,99083,2,1,False,False,False
18,71027,7,1,True,False,False
20,54531,11,0,True,False,False
33,28712,0,1,True,False,False
40,85455,9,1,False,True,False
28,94744,19,1,False,True,False
29,25109,2,1,False,True,False
27,69268,5,1,True,False,False
49,74615,6,1,False,False,True
33,49759,19,1,False,False,False
25,80112,17,1,True,False,False
55,46589,10,1,False,True,False
29,50015,18,1,False,True,False
41,49009,4,0,True,False,False
45,82046,18,1,True,False,False
25,46143,10,0,False,True,False
45,26154,11,1,False,False,True
53,41804,9,1,False,True,False
43,61688,7,1,False,True,False
25,84288,8,1,True,False,False
45,71195,3,1,False,False,True
45,40581,4,1,False,True,False
54,72648,7,1,False,True,False
58,50087,8,1,False,False,False
53,69930,14,1,True,False,False
44,52981,14,1,False,False,False
34,89298,15,1,False,False,False
26,66167,13,1,False,True,False
50,95304,7,1,True,False,False
37,63408,17,1,False,False,True
30,59499,9,1,False,True,False
45,72269,19,1,False,False,True
46,58559,5,1,False,False,True
30,94319,11,1,True,False,False
63,68787,1,1,False,False,False
52,55488,6,1,True,False,False
23,94441,15,1,False,False,True
35,94663,2,1,False,True,False
22,42431,12,1,False,False,True
64,81681,2,1,False,True,False
42,83483,17,1,False,True,False
19,69153,10,1,True,False,False
27,26368,7,1,False,False,True
47,47424,5,1,False,False,False
62,65004,0,1,False,False,True
22,76985,0,1,False,False,True
50,70069,7,1,False,False,False
18,72326,4,1,True,False,False
35,43398,15,1,False,False,True
49,70861,10,1,False,False,True
64,95897,4,1,False,True,False
28,88577,3,1,False,False,True
38,85641,5,1,False,False,False
43,29078,13,1,False,True,False
42,45003,18,1,True,False,False
39,82768,8,1,False,True,False
44,71047,11,1,False,False,False
30,91626,10,1,False,False,False
50,77660,13,1,False,True,False
51,69786,15,1,True,False,False
58,21925,0,0,False,True,False
52,46015,12,1,True,False,False
18,53320,12,1,False,True,False
38,84881,1,1,False,False,False
23,46289,3,1,False,False,True
45,23389,5,0,False,False,True
34,45683,4,1,True,False,False
22,33629,2,1,True,False,False
48,81550,0,1,True,False,False
22,44826,3,1,False,False,False
55,46630,19,1,False,True,False
20,66163,1,1,False,False,False
40,86435,4,1,False,False,True
54,31653,2,1,True,False,False
54,47961,8,1,False,True,False
27,94137,19,1,False,False,True
27,53662,5,1,False,False,True
36,76446,17,1,False,False,True
34,41288,5,1,False,False,False
38,56877,18,1,True,False,False
31,35313,11,1,False,False,True
26,92715,10,1,True,False,False
63,30326,1,1,False,False,False
18,21560,14,1,False,False,True
62,99148,11,1,False,False,False
30,46745,11,1,False,False,False
21,51890,8,1,True,False,False
18,40022,1,1,False,False,True
57,72579,2,1,False,False,False
49,90316,11,1,False,False,True
51,48380,15,1,True,False,False
45,22356,0,1,False,False,False
48,90326,2,1,True,False,False
25,40049,19,1,False,False,True
56,95717,1,1,False,False,True
43,36082,8,0,True,False,False
51,20661,18,0,False,True,False
20,57412,14,1,False,False,False
29,22920,17,1,False,False,True
18,80315,10,1,False,False,True
61,99561,15,1,False,False,False
22,28946,16,1,True,False,False
47,65500,4,1,True,False,False
47,36309,11,1,True,False,False
34,75230,10,1,False,True,False
64,50027,14,1,False,True,False
40,92541,2,1,False,False,True
32,79321,0,1,True,False,False
54,20956,19,1,False,False,False
38,94131,15,1,False,False,True
31,67908,1,1,False,False,False
19,98339,1,1,False,False,True
28,45963,2,1,False,True,False
56,59443,7,1,False,False,True
55,59063,14,1,False,True,False
51,24703,6,0,False,False,True
55,85128,5,1,True,False,False
51,92099,8,1,False,False,False
35,45849,19,1,True,False,False
47,51860,0,1,False,False,True
32,51585,7,1,False,False,True
44,42015,2,1,False,False,True
51,97539,3,1,False,True,False
55,63585,14,1,False,False,False
50,46958,5,1,False,False,False
41,46017,14,1,False,False,True
32,96707,2,1,False,False,True
47,65350,13,1,False,True,False
59,32201,19,1,True,False,False
34,49426,13,1,True,False,False
22,37778,3,1,False,False,False
46,65241,11,1,False,True,False
21,62229,16,1,False,False,True
27,68364,6,1,False,False,False
34,77056,8,1,False,True,False
27,47490,2,1,True,False,False
34,39975,12,0,False,True,False
37,46723,14,1,True,False,False
41,43279,17,1,False,True,False
22,98301,18,1,False,False,False
51,31561,0,1,True,False,False
23,86061,5,1,False,False,False
19,69153,1,1,False,False,False
30,53142,13,1,True,False,False
60,46916,5,1,True,False,False
60,84324,13,1,False,False,True
28,64965,3,0,False,False,True
64,24648,7,1,False,False,True
40,55133,2,1,False,False,False
33,70677,18,1,False,False,False
48,90135,13,1,False,False,True
28,55046,19,1,False,False,False
33,67064,16,1,False,False,False
25,89350,7,1,True,False,False
21,65893,13,1,True,False,False
57,81272,5,1,False,False,False
21,87649,15,1,False,False,True
42,84674,18,1,False,True,False
20,33760,13,1,False,False,True
49,41927,18,1,False,True,False
20,81367,2,1,False,False,True
44,32588,9,1,True,False,False
46,72233,18,1,False,False,False
49,64738,8,1,False,False,False
36,53397,19,1,True,False,False
38,96367,12,1,False,True,False
22,91260,6,1,False,True,False
35,96619,13,1,False,True,False
45,39816,8,1,True,False,False
59,62240,18,1,False,True,False
39,26276,14,1,True,False,False
38,99530,19,1,False,False,True
23,43499,13,1,False,False,True
18,91635,5,1,True,False,False
22,55946,3,1,False,False,False
58,75204,7,1,False,False,True
29,71886,16,1,False,True,False
43,91652,8,1,True,False,False
63,35563,0,1,False,True,False
51,29847,19,1,False,True,False
31,46155,13,1,False,False,False
43,99671,10,1,False,True,False
62,87278,2,1,False,False,False
44,38309,8,0,False,False,True
26,20619,13,1,True,False,False
43,70108,8,1,False,True,False
64,54707,3,1,True,False,False
39,40337,3,1,False,True,False
64,86504,7,1,True,False,False
47,67614,1,1,False,True,False
60,20281,8,0,False,True,False
34,47420,13,0,False,True,False
43,59030,8,1,False,True,False
53,21058,15,1,False,True,False
18,96260,16,1,False,True,False
25,48404,15,1,False,True,False
52,49856,11,0,False,True,False
32,29200,2,1,False,True,False
64,84178,10,1,True,False,False
39,53997,13,1,False,False,False
31,45611,17,1,False,True,False
43,61235,4,0,False,False,False
45,55057,15,1,False,True,False
40,21239,19,1,False,True,False
31,85661,4,1,True,False,False
41,65272,2,1,False,False,True
19,81212,11,1,False,False,True
62,35398,0,1,True,False,False
43,76503,8,1,False,False,False
31,26638,8,0,False,False,True
24,26570,3,1,True,False,False
20,88785,2,1,True,False,False
64,29110,16,0,False,False,True
40,99141,1,1,False,False,False
63,32115,0,1,True,False,False
60,59062,7,1,False,True,False
64,42911,12,1,False,False,False
62,52556,14,1,False,False,False
35,98131,7,1,False,False,True
55,21969,11,1,False,False,True
52,63753,11,1,False,True,False
32,24470,13,1,True,False,False
42,30225,14,1,False,False,True
54,43196,14,1,False,False,True
45,33669,8,1,False,False,False
27,57380,18,1,False,False,True
56,68320,19,1,False,False,True
34,67414,7,1,False,False,True
56,35577,18,1,False,False,True
39,75409,5,1,False,False,False
43,48625,19,1,False,True,False
61,44089,18,1,False,True,False
42,56487,3,1,True,False,False
34,85838,6,1,False,False,True
30,70138,3,1,False,False,False
37,62823,11,1,True,False,False
42,57208,12,1,True,False,False
21,74061,2,1,False,True,False
27,50659,11,0,False,False,False
20,51890,1,1,False,False,False
58,99134,1,1,False,False,False
62,67055,8,1,False,True,False
35,39508,0,1,False,True,False
64,62287,7,1,False,True,False
53,98916,5,1,False,True,False
64,46984,5,1,False,True,False
39,28125,17,1,False,False,True
51,56059,16,1,False,False,True
64,89569,11,1,False,False,False
25,37087,5,1,True,False,False
57,25704,7,1,False,False,False
61,80576,18,1,True,False,False
36,93384,9,1,False,True,False
59,92460,0,1,True,False,False
58,47208,12,1,False,False,False
54,86024,16,1,False,False,False
23,59882,2,1,True,False,False
43,45923,7,1,False,False,True
51,49165,13,1,False,True,False
62,87203,2,1,False,True,False
23,24114,15,1,False,False,False
54,84965,12,1,False,False,True
50,56321,19,1,True,False,False
39,93297,16,1,False,True,False
38,45426,12,1,False,False,True
23,37772,5,1,False,True,False
23,23712,16,0,False,False,True
21,21367,13,1,False,False,True
47,71924,16,1,False,False,False
28,23726,7,1,False,True,False
47,47723,10,1,True,False,False
48,29108,19,1,False,False,False
41,97714,0,1,False,False,False
26,55643,6,1,True,False,False
20,51324,16,1,False,False,False
48,28927,9,1,False,False,True
57,42443,10,0,False,False,True
54,99973,8,1,False,True,False
53,83449,8,1,False,True,False
41,96743,4,1,True,False,False
48,80233,16,1,False,True,False
23,45537,8,1,False,False,True
19,97576,16,1,True,False,False
37,42612,18,1,True,False,False
45,26471,6,1,False,True,False
28,55631,8,1,False,False,True
21,51348,6,1,True,False,False
32,84732,12,1,False,False,True
23,21177,10,0,False,False,True
47,24760,13,0,False,False,True
55,52779,18,0,False,True,False
19,41636,10,1,False,False,False
32,73551,12,1,False,False,False
28,31556,13,1,True,False,False
25,47598,12,1,False,False,True
43,31563,0,1,False,True,False
62,66819,7,1,False,False,True
61,93770,11,1,False,False,True
22,46966,18,1,False,True,False
23,79889,11,1,False,False,False
43,46987,7,1,False,False,True
21,98714,7,1,False,False,True
36,78348,12,1,False,False,False
37,44596,11,1,False,True,False
50,53174,15,1,True,False,False
37,84106,0,1,False,False,False
29,89967,12,1,True,False,False
64,79182,6,1,True,False,False
18,59310,4,1,False,False,False
43,76088,7,1,False,False,True
31,28906,13,1,True,False,False
55,56914,12,1,True,False,False
54,65379,14,1,False,True,False
28,98612,16,1,False,False,True
53,57650,14,1,True,False,False
30,66881,19,1,False,True,False
60,66413,17,1,False,False,True
20,26012,17,1,False,False,False
50,70115,1,1,False,False,False
23,27151,3,0,False,True,False
27,77716,0,1,False,False,False
22,56378,3,1,True,False,False
40,62652,17,1,False,False,True
27,92430,4,1,True,False,False
61,33467,18,1,True,False,False
19,51010,14,0,False,False,False
